Product,Type,Release Date,Process Size (nm),TDP (W),DieSizeValue,Die Size (mm^2),Transistors (million),Freq (GHz),Foundry,Vendor
AMD Radeon HD 7970,GPU,2011-12-22,28.0,250.0,352.0,352,4313.0,925.0,TSMC,AMD
NVIDIA GeForce 610M,GPU,2011-12-01,28.0,12.0,116.0,116,585.0,625.0,TSMC,NVIDIA
AMD FirePro M4000,GPU,2012-06-27,28.0,33.0,123.0,123,1500.0,675.0,TSMC,AMD
AMD FirePro M6000,GPU,2012-07-01,28.0,43.0,123.0,123,1500.0,800.0,TSMC,AMD
AMD FirePro S10000,GPU,2012-11-12,28.0,375.0,352.0,352,4313.0,825.0,TSMC,AMD
AMD FirePro S10000 Passive,GPU,2012-11-12,28.0,375.0,352.0,352,4313.0,825.0,TSMC,AMD
AMD FirePro S7000,GPU,2012-08-27,28.0,150.0,212.0,212,2800.0,950.0,TSMC,AMD
AMD FirePro S9000,GPU,2012-08-24,28.0,225.0,352.0,352,4313.0,900.0,TSMC,AMD
AMD FirePro S9010,GPU,2012-08-24,28.0,200.0,352.0,352,4313.0,800.0,TSMC,AMD
AMD FirePro W4000,GPU,2012-08-07,28.0,75.0,212.0,212,2800.0,825.0,TSMC,AMD
AMD FirePro W5000,GPU,2012-08-07,28.0,75.0,212.0,212,2800.0,825.0,TSMC,AMD
AMD FirePro W600,GPU,2012-06-13,28.0,75.0,123.0,123,1500.0,750.0,TSMC,AMD
AMD FirePro W7000,GPU,2012-06-13,28.0,150.0,212.0,212,2800.0,950.0,TSMC,AMD
AMD FirePro W8000,GPU,2012-06-14,28.0,225.0,352.0,352,4313.0,900.0,TSMC,AMD
AMD FirePro W9000,GPU,2012-06-14,28.0,274.0,352.0,352,4313.0,975.0,TSMC,AMD
AMD Radeon HD 7870 XT,GPU,2012-11-19,28.0,185.0,352.0,352,4313.0,925.0,TSMC,AMD
AMD Radeon HD 7950 Boost,GPU,2012-06-22,28.0,200.0,352.0,352,4313.0,850.0,TSMC,AMD
AMD Radeon HD 7950M,GPU,2012-04-24,28.0,75.0,212.0,212,2800.0,700.0,TSMC,AMD
AMD Radeon HD 7970 GHz Edition,GPU,2012-06-22,28.0,300.0,352.0,352,4313.0,1000.0,TSMC,AMD
AMD Radeon HD 7970 X2,GPU,2012-08-31,28.0,500.0,352.0,352,4313.0,925.0,TSMC,AMD
AMD Radeon HD 7970M X2,GPU,2012-04-24,28.0,200.0,212.0,212,2800.0,850.0,TSMC,AMD
Intel HD Graphics 4000 Mobile,GPU,2012-05-14,22.0,45.0,133.0,133,1200.0,650.0,Intel,Intel
Intel HD Graphics 6EU Mobile,GPU,2012-10-01,22.0,45.0,94.0,94,392.0,350.0,Intel,Intel
Intel HD Graphics P4000,GPU,2012-05-14,22.0,45.0,133.0,133,1200.0,650.0,Intel,Intel
Intel Xeon Phi 3120A,GPU,2012-11-12,22.0,300.0,720.0,720,5000.0,1100.0,Intel,Intel
Intel Xeon Phi 5110P,GPU,2012-11-12,22.0,225.0,720.0,720,5000.0,1053.0,Intel,Intel
Intel Xeon Phi SE10X,GPU,2012-11-12,22.0,300.0,720.0,720,5000.0,1100.0,Intel,Intel
NVIDIA GeForce GT 625M,GPU,2012-10-01,28.0,15.0,116.0,116,585.0,625.0,TSMC,NVIDIA
NVIDIA GeForce GT 630 OEM,GPU,2012-04-24,28.0,50.0,118.0,118,1270.0,875.0,TSMC,NVIDIA
NVIDIA GeForce GT 640,GPU,2012-06-05,28.0,65.0,118.0,118,1270.0,902.0,TSMC,NVIDIA
NVIDIA GeForce GT 640 OEM,GPU,2012-04-24,28.0,50.0,118.0,118,1270.0,797.0,TSMC,NVIDIA
NVIDIA GeForce GT 645M,GPU,2012-10-01,28.0,32.0,118.0,118,1270.0,709.0,TSMC,NVIDIA
NVIDIA GeForce GT 650M Mac Edition,GPU,2012-07-12,28.0,45.0,118.0,118,1270.0,900.0,TSMC,NVIDIA
NVIDIA GeForce GTX 650,GPU,2012-09-06,28.0,65.0,118.0,118,1270.0,1058.0,TSMC,NVIDIA
NVIDIA GeForce GTX 650 Ti,GPU,2012-10-09,28.0,110.0,221.0,221,2540.0,928.0,TSMC,NVIDIA
NVIDIA GeForce GTX 660,GPU,2012-09-06,28.0,140.0,221.0,221,2540.0,980.0,TSMC,NVIDIA
NVIDIA GeForce GTX 660 OEM,GPU,2012-08-22,28.0,130.0,294.0,294,3540.0,823.0,TSMC,NVIDIA
NVIDIA GeForce GTX 660 OEM,GPU,2012-08-22,28.0,130.0,294.0,294,3540.0,823.0,TSMC,NVIDIA
NVIDIA GeForce GTX 660 Ti,GPU,2012-08-16,28.0,150.0,294.0,294,3540.0,915.0,TSMC,NVIDIA
NVIDIA GeForce GTX 670,GPU,2012-05-10,28.0,170.0,294.0,294,3540.0,915.0,TSMC,NVIDIA
NVIDIA GeForce GTX 670MX,GPU,2012-10-01,28.0,75.0,294.0,294,3540.0,601.0,TSMC,NVIDIA
NVIDIA GeForce GTX 675MX,GPU,2012-10-01,28.0,100.0,294.0,294,3540.0,654.0,TSMC,NVIDIA
NVIDIA GeForce GTX 680M,GPU,2012-06-04,28.0,100.0,294.0,294,3540.0,719.0,TSMC,NVIDIA
NVIDIA GeForce GTX 680MX Mac Edition,GPU,2012-10-23,28.0,122.0,294.0,294,3540.0,719.0,TSMC,NVIDIA
NVIDIA GeForce GTX 690,GPU,2012-05-03,28.0,300.0,294.0,294,3540.0,915.0,TSMC,NVIDIA
NVIDIA NVS 510,GPU,2012-10-23,28.0,35.0,118.0,118,1270.0,797.0,TSMC,NVIDIA
NVIDIA NVS 5200M,GPU,2012-06-01,28.0,25.0,116.0,116,585.0,625.0,TSMC,NVIDIA
NVIDIA Quadro 410,GPU,2012-08-07,28.0,38.0,118.0,118,1270.0,706.0,TSMC,NVIDIA
NVIDIA Quadro K1000M,GPU,2012-06-01,28.0,45.0,118.0,118,1270.0,850.0,TSMC,NVIDIA
NVIDIA Quadro K2000M,GPU,2012-06-01,28.0,55.0,118.0,118,1270.0,745.0,TSMC,NVIDIA
NVIDIA Quadro K3000M,GPU,2012-06-01,28.0,75.0,294.0,294,3540.0,654.0,TSMC,NVIDIA
NVIDIA Quadro K4000M,GPU,2012-06-01,28.0,100.0,294.0,294,3540.0,601.0,TSMC,NVIDIA
NVIDIA Quadro K5000,GPU,2012-08-17,28.0,122.0,294.0,294,3540.0,706.0,TSMC,NVIDIA
NVIDIA Quadro K5000 Mac Edition,GPU,2012-08-07,28.0,122.0,294.0,294,3540.0,706.0,TSMC,NVIDIA
NVIDIA Quadro K5000M,GPU,2012-08-07,28.0,100.0,294.0,294,3540.0,601.0,TSMC,NVIDIA
NVIDIA Quadro K500M,GPU,2012-06-01,28.0,35.0,118.0,118,1270.0,709.0,TSMC,NVIDIA
NVIDIA Tesla K10,GPU,2012-05-01,28.0,225.0,294.0,294,3540.0,745.0,TSMC,NVIDIA
NVIDIA Tesla K20X,GPU,2012-11-12,28.0,235.0,561.0,561,7080.0,732.0,TSMC,NVIDIA
NVIDIA Tesla K20Xm,GPU,2012-11-12,28.0,235.0,561.0,561,7080.0,732.0,TSMC,NVIDIA
NVIDIA Tesla K20c,GPU,2012-11-12,28.0,225.0,561.0,561,7080.0,706.0,TSMC,NVIDIA
AMD Radeon HD 8240 Mobile IGP,GPU,2013-11-01,28.0,15.0,110.0,110,1178.0,400.0,TSMC,AMD
AMD Radeon HD 8280 IGP,GPU,2013-09-18,28.0,15.0,110.0,110,1178.0,450.0,TSMC,AMD
AMD Radeon HD 8280 Mobile IGP,GPU,2013-09-18,28.0,15.0,110.0,110,1178.0,450.0,TSMC,AMD
AMD Radeon HD 8330 Mobile IGP,GPU,2013-08-13,28.0,15.0,110.0,110,1178.0,497.0,TSMC,AMD
AMD Radeon HD 8400 IGP,GPU,2013-11-23,28.0,25.0,110.0,110,1178.0,600.0,TSMC,AMD
AMD Radeon HD 8400 Mobile IGP,GPU,2013-11-23,28.0,25.0,110.0,110,1178.0,600.0,TSMC,AMD
AMD Radeon HD 8730 OEM,GPU,2013-09-05,28.0,47.0,123.0,123,1500.0,800.0,TSMC,AMD
AMD Radeon HD 8740 OEM,GPU,2013-09-05,28.0,55.0,123.0,123,1500.0,800.0,TSMC,AMD
AMD Radeon HD 8770 OEM,GPU,2013-09-02,28.0,85.0,160.0,160,2080.0,1050.0,TSMC,AMD
AMD Radeon R5 240 OEM,GPU,2013-11-01,28.0,50.0,77.0,77,950.0,730.0,TSMC,AMD
AMD Radeon R7 240,GPU,2013-10-08,28.0,30.0,77.0,77,950.0,650.0,TSMC,AMD
AMD Radeon R7 240,GPU,2013-10-08,28.0,30.0,77.0,77,950.0,730.0,TSMC,AMD
AMD Radeon R7 240 OEM,GPU,2013-11-01,28.0,50.0,77.0,77,950.0,730.0,TSMC,AMD
AMD Radeon R7 250,GPU,2013-10-08,28.0,55.0,123.0,123,1500.0,700.0,TSMC,AMD
AMD Radeon R7 250,GPU,2013-10-08,28.0,55.0,123.0,123,1500.0,925.0,TSMC,AMD
AMD Radeon R7 250,GPU,2013-10-08,28.0,65.0,77.0,77,950.0,1000.0,TSMC,AMD
AMD Radeon R7 250 OEM,GPU,2013-10-08,28.0,65.0,77.0,77,950.0,1000.0,TSMC,AMD
AMD Radeon R7 250E,GPU,2013-12-20,28.0,55.0,123.0,123,1500.0,800.0,TSMC,AMD
AMD Radeon R7 260,GPU,2013-12-17,28.0,95.0,160.0,160,2080.0,1000.0,TSMC,AMD
AMD Radeon R7 260X,GPU,2013-10-08,28.0,115.0,160.0,160,2080.0,1100.0,TSMC,AMD
AMD Radeon R9 255 OEM,GPU,2013-12-21,28.0,65.0,123.0,123,1500.0,900.0,TSMC,AMD
AMD Radeon R9 260 OEM,GPU,2013-12-21,28.0,85.0,160.0,160,2080.0,1100.0,TSMC,AMD
AMD Radeon R9 270,GPU,2013-11-13,28.0,150.0,212.0,212,2800.0,900.0,TSMC,AMD
AMD Radeon R9 270X,GPU,2013-10-08,28.0,180.0,212.0,212,2800.0,1000.0,TSMC,AMD
AMD Radeon R9 280X,GPU,2013-10-08,28.0,250.0,352.0,352,4313.0,850.0,TSMC,AMD
AMD Radeon R9 290,GPU,2013-11-05,28.0,275.0,438.0,438,6200.0,947.0,TSMC,AMD
AMD Radeon R9 290X,GPU,2013-10-24,28.0,290.0,438.0,438,6200.0,1000.0,TSMC,AMD
AMD Xbox One GPU,GPU,2013-11-22,28.0,95.0,363.0,363,5000.0,853.0,TSMC,AMD
NVIDIA GRID K100,GPU,2013-06-28,28.0,130.0,118.0,118,1270.0,850.0,TSMC,NVIDIA
NVIDIA GRID K140Q,GPU,2013-06-28,28.0,130.0,118.0,118,1270.0,850.0,TSMC,NVIDIA
NVIDIA GRID K160Q,GPU,2013-06-28,28.0,130.0,118.0,118,1270.0,850.0,TSMC,NVIDIA
NVIDIA GRID K180Q,GPU,2013-06-28,28.0,130.0,118.0,118,1270.0,850.0,TSMC,NVIDIA
NVIDIA GRID K200,GPU,2013-06-28,28.0,225.0,294.0,294,3540.0,745.0,TSMC,NVIDIA
NVIDIA GRID K240Q,GPU,2013-06-28,28.0,225.0,294.0,294,3540.0,745.0,TSMC,NVIDIA
NVIDIA GRID K260Q,GPU,2013-06-28,28.0,225.0,294.0,294,3540.0,745.0,TSMC,NVIDIA
NVIDIA GRID K280Q,GPU,2013-06-28,28.0,225.0,294.0,294,3540.0,745.0,TSMC,NVIDIA
NVIDIA GRID K340,GPU,2013-07-23,28.0,225.0,118.0,118,1270.0,954.0,TSMC,NVIDIA
NVIDIA GRID K520,GPU,2013-07-23,28.0,225.0,294.0,294,3540.0,745.0,TSMC,NVIDIA
NVIDIA GeForce 705M,GPU,2013-09-27,28.0,15.0,116.0,116,585.0,738.0,TSMC,NVIDIA
NVIDIA GeForce 710M,GPU,2013-07-24,28.0,15.0,87.0,87,1020.0,719.0,TSMC,NVIDIA
NVIDIA GeForce 820M,GPU,2013-11-27,28.0,15.0,116.0,116,585.0,625.0,TSMC,NVIDIA
NVIDIA GeForce GT 635 OEM,GPU,2013-10-01,28.0,35.0,87.0,87,1020.0,967.0,TSMC,NVIDIA
NVIDIA GeForce GT 720M,GPU,2013-12-25,28.0,33.0,87.0,87,1020.0,719.0,TSMC,NVIDIA
NVIDIA GeForce GT 740A,GPU,2013-08-26,28.0,33.0,87.0,87,1020.0,980.0,TSMC,NVIDIA
NVIDIA GeForce GT 745A,GPU,2013-08-26,28.0,33.0,118.0,118,1270.0,837.0,TSMC,NVIDIA
NVIDIA GeForce GT 750M Mac Edition,GPU,2013-11-08,28.0,50.0,118.0,118,1270.0,926.0,TSMC,NVIDIA
NVIDIA GeForce GT 755M Mac Edition,GPU,2013-11-08,28.0,50.0,118.0,118,1270.0,1085.0,TSMC,NVIDIA
NVIDIA GeForce GTX 650,GPU,2013-11-27,28.0,65.0,221.0,221,2540.0,1058.0,TSMC,NVIDIA
NVIDIA GeForce GTX 760,GPU,2013-06-25,28.0,170.0,294.0,294,3540.0,980.0,TSMC,NVIDIA
NVIDIA GeForce GTX 760 OEM,GPU,2013-06-27,28.0,130.0,294.0,294,3540.0,823.0,TSMC,NVIDIA
NVIDIA GeForce GTX 760 OEM Rebrand,GPU,2013-08-25,28.0,130.0,294.0,294,3540.0,823.0,TSMC,NVIDIA
NVIDIA GeForce GTX 760 Ti OEM,GPU,2013-09-27,28.0,170.0,294.0,294,3540.0,915.0,TSMC,NVIDIA
NVIDIA GeForce GTX 760 Ti OEM Rebrand,GPU,2013-08-25,28.0,170.0,294.0,294,3540.0,915.0,TSMC,NVIDIA
NVIDIA GeForce GTX 760 X2,GPU,2013-11-19,28.0,250.0,294.0,294,3540.0,1006.0,TSMC,NVIDIA
NVIDIA GeForce GTX 775M Mac Edition,GPU,2013-11-08,28.0,100.0,294.0,294,3540.0,797.0,TSMC,NVIDIA
NVIDIA GeForce GTX 780 6 GB,GPU,2013-09-10,28.0,250.0,561.0,561,7080.0,863.0,TSMC,NVIDIA
NVIDIA GeForce GTX 780 Rev. 2,GPU,2013-09-10,28.0,250.0,561.0,561,7080.0,863.0,TSMC,NVIDIA
NVIDIA GeForce GTX 780 Ti,GPU,2013-11-07,28.0,250.0,561.0,561,7080.0,875.0,TSMC,NVIDIA
NVIDIA GeForce GTX 780M Mac Edition,GPU,2013-11-08,28.0,122.0,294.0,294,3540.0,784.0,TSMC,NVIDIA
NVIDIA Quadro K1100M,GPU,2013-07-23,28.0,45.0,118.0,118,1270.0,706.0,TSMC,NVIDIA
NVIDIA Quadro K2100M,GPU,2013-07-23,28.0,55.0,221.0,221,2540.0,667.0,TSMC,NVIDIA
NVIDIA Quadro K3100M,GPU,2013-07-23,28.0,75.0,294.0,294,3540.0,706.0,TSMC,NVIDIA
NVIDIA Quadro K4100M,GPU,2013-07-23,28.0,100.0,294.0,294,3540.0,706.0,TSMC,NVIDIA
NVIDIA Quadro K5100M,GPU,2013-07-23,28.0,100.0,294.0,294,3540.0,771.0,TSMC,NVIDIA
NVIDIA Quadro K510M,GPU,2013-07-23,28.0,30.0,87.0,87,1020.0,889.0,TSMC,NVIDIA
NVIDIA Quadro K6000,GPU,2013-07-23,28.0,225.0,561.0,561,7080.0,797.0,TSMC,NVIDIA
NVIDIA Quadro K6000 SDI,GPU,2013-07-23,28.0,239.0,561.0,561,7080.0,902.0,TSMC,NVIDIA
NVIDIA Quadro K610M,GPU,2013-07-23,28.0,30.0,87.0,87,1020.0,954.0,TSMC,NVIDIA
NVIDIA Tegra 4 GPU,GPU,2013-08-01,28.0,20.0,85.0,85,11.0,672.0,TSMC,NVIDIA
NVIDIA Tesla K40c,GPU,2013-10-08,28.0,245.0,561.0,561,7080.0,745.0,TSMC,NVIDIA
NVIDIA Tesla K40d,GPU,2013-11-22,28.0,245.0,561.0,561,7080.0,745.0,TSMC,NVIDIA
NVIDIA Tesla K40m,GPU,2013-11-22,28.0,245.0,561.0,561,7080.0,745.0,TSMC,NVIDIA
NVIDIA Tesla K40s,GPU,2013-11-22,28.0,245.0,561.0,561,7080.0,745.0,TSMC,NVIDIA
NVIDIA Tesla K40st,GPU,2013-11-22,28.0,245.0,561.0,561,7080.0,575.0,TSMC,NVIDIA
NVIDIA Tesla K40t,GPU,2013-11-22,28.0,245.0,561.0,561,7080.0,745.0,TSMC,NVIDIA
AMD FirePro S4000X,GPU,2014-08-07,28.0,45.0,123.0,123,1500.0,725.0,TSMC,AMD
AMD FirePro S9050,GPU,2014-08-07,28.0,225.0,352.0,352,4313.0,900.0,TSMC,AMD
AMD FirePro S9100,GPU,2014-10-02,28.0,225.0,438.0,438,6200.0,824.0,TSMC,AMD
AMD FirePro S9150,GPU,2014-08-07,28.0,235.0,438.0,438,6200.0,900.0,TSMC,AMD
AMD FirePro W2100,GPU,2014-08-12,28.0,26.0,77.0,77,950.0,630.0,TSMC,AMD
AMD FirePro W4100,GPU,2014-08-13,28.0,50.0,123.0,123,1500.0,630.0,TSMC,AMD
AMD FirePro W5100,GPU,2014-03-31,28.0,50.0,160.0,160,2080.0,930.0,TSMC,AMD
AMD FirePro W7100,GPU,2014-08-12,28.0,150.0,366.0,366,5000.0,920.0,TSMC,AMD
AMD FirePro W8100,GPU,2014-06-23,28.0,220.0,438.0,438,6200.0,824.0,TSMC,AMD
AMD FirePro W9100,GPU,2014-03-26,28.0,275.0,438.0,438,6200.0,930.0,TSMC,AMD
AMD Radeon R4 Mobile Graphics,GPU,2014-09-17,28.0,17.0,245.0,245,2410.0,533.0,GlobalFoundries,AMD
AMD Radeon R4 Mobile Graphics,GPU,2014-06-11,28.0,15.0,107.0,107,930.0,800.0,GlobalFoundries,AMD
AMD Radeon R4E Mobile Graphics,GPU,2014-06-06,28.0,15.0,107.0,107,930.0,800.0,GlobalFoundries,AMD
AMD Radeon R5 Graphics,GPU,2014-09-17,28.0,15.0,245.0,245,2410.0,497.0,GlobalFoundries,AMD
AMD Radeon R5 Graphics,GPU,2014-09-17,28.0,15.0,245.0,245,2410.0,758.0,GlobalFoundries,AMD
AMD Radeon R5 Mobile Graphics,GPU,2014-09-17,28.0,17.0,245.0,245,2410.0,626.0,GlobalFoundries,AMD
AMD Radeon R5 Mobile Graphics,GPU,2014-06-14,28.0,15.0,107.0,107,930.0,800.0,GlobalFoundries,AMD
AMD Radeon R5E Mobile Graphics,GPU,2014-06-06,28.0,15.0,107.0,107,930.0,800.0,GlobalFoundries,AMD
AMD Radeon R6 Mobile Graphics,GPU,2014-09-17,28.0,17.0,245.0,245,2410.0,533.0,GlobalFoundries,AMD
AMD Radeon R7 250XE,GPU,2014-08-21,28.0,80.0,123.0,123,1500.0,860.0,TSMC,AMD
AMD Radeon R7 265X OEM,GPU,2014-08-12,28.0,150.0,212.0,212,2800.0,900.0,TSMC,AMD
AMD Radeon R9 285,GPU,2014-09-02,28.0,190.0,366.0,366,5000.0,918.0,TSMC,AMD
AMD Radeon R9 290X2,GPU,2014-06-24,28.0,580.0,438.0,438,6200.0,1000.0,TSMC,AMD
AMD Radeon R9 295X2,GPU,2014-04-29,28.0,500.0,438.0,438,6200.0,1018.0,TSMC,AMD
AMD Radeon R9 M290X Mac Edition,GPU,2014-11-23,28.0,80.0,212.0,212,2800.0,850.0,TSMC,AMD
AMD Radeon R9 M295X,GPU,2014-11-23,28.0,250.0,366.0,366,5000.0,723.0,TSMC,AMD
AMD Radeon R9 M295X Mac Edition,GPU,2014-11-23,28.0,250.0,366.0,366,5000.0,850.0,TSMC,AMD
NVIDIA GRID K120Q,GPU,2014-07-02,28.0,130.0,118.0,118,1270.0,850.0,TSMC,NVIDIA
NVIDIA GRID K220Q,GPU,2014-07-02,28.0,225.0,294.0,294,3540.0,745.0,TSMC,NVIDIA
NVIDIA GRID K500,GPU,2014-07-02,28.0,225.0,294.0,294,3540.0,745.0,TSMC,NVIDIA
NVIDIA GRID K520Q,GPU,2014-07-02,28.0,225.0,294.0,294,3540.0,745.0,TSMC,NVIDIA
NVIDIA GRID K540Q,GPU,2014-07-02,28.0,225.0,294.0,294,3540.0,745.0,TSMC,NVIDIA
NVIDIA GRID K560Q,GPU,2014-07-02,28.0,225.0,294.0,294,3540.0,745.0,TSMC,NVIDIA
NVIDIA GeForce 710A,GPU,2014-03-17,28.0,15.0,87.0,87,1020.0,719.0,TSMC,NVIDIA
NVIDIA GeForce 720A,GPU,2014-07-01,28.0,33.0,116.0,116,585.0,775.0,TSMC,NVIDIA
NVIDIA GeForce 805A,GPU,2014-07-22,28.0,15.0,87.0,87,1020.0,719.0,TSMC,NVIDIA
NVIDIA GeForce 810A,GPU,2014-07-22,28.0,15.0,87.0,87,1020.0,719.0,TSMC,NVIDIA
NVIDIA GeForce 810M,GPU,2014-03-24,28.0,15.0,116.0,116,585.0,738.0,TSMC,NVIDIA
NVIDIA GeForce 830A,GPU,2014-07-22,28.0,33.0,77.0,77,1020.0,1082.0,TSMC,NVIDIA
NVIDIA GeForce GT 710,GPU,2014-03-27,28.0,19.0,87.0,87,1020.0,954.0,TSMC,NVIDIA
NVIDIA GeForce GT 710,GPU,2014-03-27,28.0,19.0,87.0,87,1020.0,954.0,TSMC,NVIDIA
NVIDIA GeForce GT 710 PCIe x1,GPU,2014-03-27,28.0,19.0,87.0,87,1020.0,954.0,TSMC,NVIDIA
NVIDIA GeForce GT 720,GPU,2014-09-29,28.0,19.0,87.0,87,1020.0,797.0,TSMC,NVIDIA
NVIDIA GeForce GT 720,GPU,2014-03-27,28.0,19.0,87.0,87,1020.0,967.0,TSMC,NVIDIA
NVIDIA GeForce GT 720A,GPU,2014-07-01,28.0,33.0,116.0,116,585.0,775.0,TSMC,NVIDIA
NVIDIA GeForce GT 730,GPU,2014-06-18,28.0,38.0,87.0,87,1020.0,902.0,TSMC,NVIDIA
NVIDIA GeForce GT 730A,GPU,2014-07-01,28.0,33.0,87.0,87,1020.0,719.0,TSMC,NVIDIA
NVIDIA GeForce GT 740,GPU,2014-05-29,28.0,64.0,118.0,118,1270.0,993.0,TSMC,NVIDIA
NVIDIA GeForce GTX 660 Rev. 2,GPU,2014-09-13,28.0,140.0,294.0,294,3540.0,980.0,TSMC,NVIDIA
NVIDIA GeForce GTX 760A,GPU,2014-03-17,28.0,55.0,221.0,221,2540.0,628.0,TSMC,NVIDIA
NVIDIA GeForce GTX 970,GPU,2014-09-19,28.0,148.0,398.0,398,5200.0,1050.0,TSMC,NVIDIA
NVIDIA GeForce GTX 980,GPU,2014-09-19,28.0,165.0,398.0,398,5200.0,1127.0,TSMC,NVIDIA
NVIDIA GeForce GTX TITAN Z,GPU,2014-05-28,28.0,375.0,561.0,561,7080.0,705.0,TSMC,NVIDIA
NVIDIA Quadro K100M,GPU,2014-08-22,28.0,35.0,118.0,118,1270.0,851.0,TSMC,NVIDIA
NVIDIA Quadro K200M,GPU,2014-08-22,28.0,35.0,118.0,118,1270.0,745.0,TSMC,NVIDIA
NVIDIA Quadro K2200,GPU,2014-07-22,28.0,68.0,148.0,148,1870.0,1046.0,TSMC,NVIDIA
NVIDIA Quadro K2200M,GPU,2014-07-19,28.0,65.0,148.0,148,1870.0,1150.0,TSMC,NVIDIA
NVIDIA Quadro K420,GPU,2014-07-22,28.0,41.0,118.0,118,1270.0,876.0,TSMC,NVIDIA
NVIDIA Quadro K4200,GPU,2014-07-22,28.0,108.0,294.0,294,3540.0,771.0,TSMC,NVIDIA
NVIDIA Quadro K5200,GPU,2014-07-22,28.0,150.0,561.0,561,7080.0,667.0,TSMC,NVIDIA
NVIDIA Quadro K620,GPU,2014-07-22,28.0,45.0,148.0,148,1870.0,1058.0,TSMC,NVIDIA
NVIDIA Tesla K8,GPU,2014-09-16,28.0,100.0,294.0,294,3540.0,693.0,TSMC,NVIDIA
NVIDIA Tesla K80,GPU,2014-11-17,28.0,300.0,561.0,561,7100.0,562.0,TSMC,NVIDIA
AMD FirePro S9170,GPU,2015-07-08,28.0,275.0,438.0,438,6200.0,930.0,TSMC,AMD
AMD FirePro W4300,GPU,2015-12-01,28.0,50.0,160.0,160,2080.0,930.0,TSMC,AMD
AMD FirePro W7170M,GPU,2015-10-02,28.0,100.0,366.0,366,5000.0,723.0,TSMC,AMD
AMD Radeon E8870 MXM,GPU,2015-09-29,28.0,75.0,160.0,160,2080.0,1000.0,TSMC,AMD
AMD Radeon E8870 PCIe,GPU,2015-09-29,28.0,75.0,160.0,160,2080.0,1000.0,TSMC,AMD
AMD Radeon E8950,GPU,2015-09-29,28.0,95.0,366.0,366,5000.0,735.0,TSMC,AMD
AMD Radeon R5 340 OEM,GPU,2015-05-05,28.0,65.0,77.0,77,950.0,730.0,TSMC,AMD
AMD Radeon R5 340X OEM,GPU,2015-05-05,28.0,65.0,77.0,77,950.0,900.0,TSMC,AMD
AMD Radeon R5 M330,GPU,2015-05-05,28.0,18.0,56.0,56,690.0,955.0,TSMC,AMD
AMD Radeon R5 Mobile Graphics,GPU,2015-11-07,28.0,15.0,125.0,125,1200.0,200.0,GlobalFoundries,AMD
AMD Radeon R6 Mobile Graphics,GPU,2015-11-07,28.0,15.0,125.0,125,1200.0,200.0,GlobalFoundries,AMD
AMD Radeon R7 340 OEM,GPU,2015-05-05,28.0,50.0,77.0,77,950.0,730.0,TSMC,AMD
AMD Radeon R7 340 OEM,GPU,2015-05-05,28.0,50.0,77.0,77,950.0,730.0,TSMC,AMD
AMD Radeon R7 350 OEM,GPU,2015-05-05,28.0,65.0,77.0,77,950.0,1000.0,TSMC,AMD
AMD Radeon R7 350X OEM,GPU,2015-05-05,28.0,65.0,77.0,77,950.0,1000.0,TSMC,AMD
AMD Radeon R7 360,GPU,2015-06-18,28.0,100.0,160.0,160,2080.0,1000.0,TSMC,AMD
AMD Radeon R7 360 896SP,GPU,2015-06-18,28.0,85.0,160.0,160,2080.0,1100.0,TSMC,AMD
AMD Radeon R7 360E,GPU,2015-12-30,28.0,75.0,160.0,160,2080.0,1050.0,TSMC,AMD
AMD Radeon R7 370,GPU,2015-06-18,28.0,110.0,212.0,212,2800.0,925.0,TSMC,AMD
AMD Radeon R7 Mobile Graphics,GPU,2015-11-15,28.0,15.0,125.0,125,1200.0,200.0,GlobalFoundries,AMD
AMD Radeon R9 360 OEM,GPU,2015-05-05,28.0,75.0,160.0,160,2080.0,1000.0,TSMC,AMD
AMD Radeon R9 370,GPU,2015-05-05,28.0,110.0,212.0,212,2800.0,925.0,TSMC,AMD
AMD Radeon R9 370 1024SP,GPU,2015-06-12,28.0,150.0,212.0,212,2800.0,925.0,TSMC,AMD
AMD Radeon R9 370X,GPU,2015-08-27,28.0,180.0,212.0,212,2800.0,980.0,TSMC,AMD
AMD Radeon R9 380,GPU,2015-06-18,28.0,190.0,366.0,366,5000.0,970.0,TSMC,AMD
AMD Radeon R9 380 OEM,GPU,2015-05-05,28.0,190.0,366.0,366,5000.0,918.0,TSMC,AMD
AMD Radeon R9 380X,GPU,2015-11-19,28.0,190.0,366.0,366,5000.0,970.0,TSMC,AMD
AMD Radeon R9 390,GPU,2015-06-18,28.0,275.0,438.0,438,6200.0,1000.0,TSMC,AMD
AMD Radeon R9 390 X2,GPU,2015-09-03,28.0,580.0,438.0,438,6200.0,1000.0,TSMC,AMD
AMD Radeon R9 390X,GPU,2015-06-18,28.0,275.0,438.0,438,6200.0,1050.0,TSMC,AMD
AMD Radeon R9 FURY,GPU,2015-07-10,28.0,275.0,596.0,596,8900.0,1000.0,TSMC,AMD
AMD Radeon R9 FURY X,GPU,2015-06-24,28.0,275.0,596.0,596,8900.0,1050.0,TSMC,AMD
AMD Radeon R9 M395 Mac Edition,GPU,2015-05-05,28.0,250.0,366.0,366,5000.0,834.0,TSMC,AMD
AMD Radeon R9 Nano,GPU,2015-08-27,28.0,175.0,596.0,596,8900.0,1000.0,TSMC,AMD
NVIDIA GRID M6-8Q,GPU,2015-08-30,28.0,100.0,398.0,398,5200.0,722.0,TSMC,NVIDIA
NVIDIA GRID M60-1Q,GPU,2015-08-30,28.0,225.0,398.0,398,5200.0,557.0,TSMC,NVIDIA
NVIDIA GRID M60-2Q,GPU,2015-08-30,28.0,225.0,398.0,398,5200.0,557.0,TSMC,NVIDIA
NVIDIA GRID M60-4A,GPU,2015-08-30,28.0,225.0,398.0,398,5200.0,557.0,TSMC,NVIDIA
NVIDIA GRID M60-8Q,GPU,2015-08-30,28.0,225.0,398.0,398,5200.0,557.0,TSMC,NVIDIA
NVIDIA GeForce 845M,GPU,2015-08-26,28.0,33.0,77.0,77,1020.0,1071.0,TSMC,NVIDIA
NVIDIA GeForce 945M,GPU,2015-10-27,28.0,75.0,148.0,148,1870.0,928.0,TSMC,NVIDIA
NVIDIA GeForce GTX 750 GM206,GPU,2015-11-17,28.0,60.0,228.0,228,2940.0,1087.0,TSMC,NVIDIA
NVIDIA GeForce GTX 950,GPU,2015-08-20,28.0,90.0,228.0,228,2940.0,1024.0,TSMC,NVIDIA
NVIDIA GeForce GTX 980 Ti,GPU,2015-06-02,28.0,250.0,601.0,601,8000.0,1000.0,TSMC,NVIDIA
NVIDIA NVS 810,GPU,2015-11-04,28.0,68.0,148.0,148,1870.0,902.0,TSMC,NVIDIA
NVIDIA Quadro M1000M,GPU,2015-08-18,28.0,40.0,148.0,148,1870.0,993.0,TSMC,NVIDIA
NVIDIA Quadro M2000M,GPU,2015-12-03,28.0,55.0,148.0,148,1870.0,1098.0,TSMC,NVIDIA
NVIDIA Quadro M3000M,GPU,2015-08-18,28.0,75.0,398.0,398,5200.0,823.0,TSMC,NVIDIA
NVIDIA Quadro M4000,GPU,2015-06-29,28.0,120.0,398.0,398,5200.0,773.0,TSMC,NVIDIA
NVIDIA Quadro M4000M,GPU,2015-08-18,28.0,100.0,398.0,398,5200.0,975.0,TSMC,NVIDIA
NVIDIA Quadro M5000,GPU,2015-06-29,28.0,150.0,398.0,398,5200.0,861.0,TSMC,NVIDIA
NVIDIA Quadro M5000M,GPU,2015-08-18,28.0,100.0,398.0,398,5200.0,962.0,TSMC,NVIDIA
NVIDIA Quadro M600M,GPU,2015-08-18,28.0,30.0,148.0,148,1870.0,837.0,TSMC,NVIDIA
NVIDIA Tesla M4,GPU,2015-11-10,28.0,50.0,228.0,228,2940.0,872.0,TSMC,NVIDIA
NVIDIA Tesla M40,GPU,2015-11-10,28.0,250.0,601.0,601,8000.0,948.0,TSMC,NVIDIA
NVIDIA Tesla M40 24 GB,GPU,2015-11-10,28.0,250.0,601.0,601,8000.0,948.0,TSMC,NVIDIA
NVIDIA Tesla M6 Mobile,GPU,2015-08-30,28.0,100.0,398.0,398,5200.0,930.0,TSMC,NVIDIA
NVIDIA Tesla M6 X2 Mobile,GPU,2015-08-30,28.0,100.0,398.0,398,5200.0,930.0,TSMC,NVIDIA
NVIDIA Tesla M60,GPU,2015-08-30,28.0,300.0,398.0,398,5200.0,557.0,TSMC,NVIDIA
AMD FirePro S7100X,GPU,2016-05-25,28.0,100.0,366.0,366,5000.0,725.0,TSMC,AMD
AMD FirePro S9300 X2,GPU,2016-03-31,28.0,300.0,596.0,596,8900.0,975.0,TSMC,AMD
AMD Radeon E9260 MXM,GPU,2016-09-27,14.0,50.0,123.0,123,3000.0,1053.0,GlobalFoundries,AMD
AMD Radeon E9260 PCIe,GPU,2016-09-27,14.0,80.0,123.0,123,3000.0,1090.0,GlobalFoundries,AMD
AMD Radeon E9550 MXM,GPU,2016-09-27,14.0,95.0,232.0,232,5700.0,1120.0,GlobalFoundries,AMD
AMD Radeon Instinct MI6,GPU,2016-12-12,14.0,150.0,232.0,232,5700.0,1120.0,GlobalFoundries,AMD
AMD Radeon Instinct MI8,GPU,2016-12-12,28.0,175.0,596.0,596,8900.0,1000.0,TSMC,AMD
AMD Radeon Pro 450,GPU,2016-10-30,14.0,35.0,123.0,123,3000.0,800.0,GlobalFoundries,AMD
AMD Radeon Pro 455,GPU,2016-10-30,14.0,35.0,123.0,123,3000.0,855.0,GlobalFoundries,AMD
AMD Radeon Pro 460,GPU,2016-10-30,14.0,35.0,123.0,123,3000.0,850.0,GlobalFoundries,AMD
AMD Radeon Pro Duo,GPU,2016-04-26,28.0,350.0,596.0,596,8900.0,1000.0,TSMC,AMD
AMD Radeon Pro SSG,GPU,2016-07-26,28.0,260.0,596.0,596,8900.0,1000.0,TSMC,AMD
AMD Radeon Pro WX 4100,GPU,2016-11-10,14.0,50.0,123.0,123,3000.0,1125.0,GlobalFoundries,AMD
AMD Radeon Pro WX 5100,GPU,2016-11-18,14.0,75.0,232.0,232,5700.0,713.0,GlobalFoundries,AMD
AMD Radeon Pro WX 7100,GPU,2016-11-10,14.0,130.0,232.0,232,5700.0,1188.0,GlobalFoundries,AMD
AMD Radeon R1E Mobile Graphics,GPU,2016-06-01,28.0,15.0,125.0,125,1200.0,300.0,GlobalFoundries,AMD
AMD Radeon R2 Mobile Graphics,GPU,2016-06-01,28.0,15.0,125.0,125,1200.0,200.0,GlobalFoundries,AMD
AMD Radeon R2E Mobile Graphics,GPU,2016-06-01,28.0,15.0,125.0,125,1200.0,200.0,GlobalFoundries,AMD
AMD Radeon R3 Mobile Graphics,GPU,2016-06-01,28.0,15.0,125.0,125,1200.0,200.0,GlobalFoundries,AMD
AMD Radeon R4 Mobile Graphics,GPU,2016-06-01,28.0,15.0,125.0,125,1200.0,200.0,GlobalFoundries,AMD
AMD Radeon R4E Mobile Graphics,GPU,2016-06-01,28.0,15.0,125.0,125,1200.0,400.0,GlobalFoundries,AMD
AMD Radeon R5 430 OEM,GPU,2016-06-30,28.0,50.0,77.0,77,950.0,730.0,TSMC,AMD
AMD Radeon R5 435 OEM,GPU,2016-06-30,28.0,50.0,56.0,56,690.0,1030.0,TSMC,AMD
AMD Radeon R5 Mobile Graphics,GPU,2016-06-01,28.0,15.0,125.0,125,1200.0,200.0,GlobalFoundries,AMD
AMD Radeon R5E Mobile Graphics,GPU,2016-06-01,28.0,15.0,125.0,125,1200.0,200.0,GlobalFoundries,AMD
AMD Radeon R7 350,GPU,2016-07-06,28.0,55.0,123.0,123,1500.0,800.0,TSMC,AMD
AMD Radeon R7 430 OEM,GPU,2016-06-30,28.0,50.0,77.0,77,950.0,730.0,TSMC,AMD
AMD Radeon R7 435 OEM,GPU,2016-06-30,28.0,50.0,77.0,77,950.0,920.0,TSMC,AMD
AMD Radeon R7 450 OEM,GPU,2016-06-30,28.0,65.0,123.0,123,1500.0,925.0,TSMC,AMD
AMD Radeon R9 M485X,GPU,2016-05-15,28.0,250.0,366.0,366,5000.0,723.0,TSMC,AMD
AMD Radeon RX 455 OEM,GPU,2016-06-30,28.0,100.0,160.0,160,2080.0,1050.0,TSMC,AMD
AMD Radeon RX 460,GPU,2016-08-08,14.0,75.0,123.0,123,3000.0,1090.0,GlobalFoundries,AMD
AMD Radeon RX 460 Mobile,GPU,2016-08-08,14.0,55.0,123.0,123,3000.0,1000.0,GlobalFoundries,AMD
AMD Radeon RX 470,GPU,2016-08-04,14.0,120.0,232.0,232,5700.0,926.0,GlobalFoundries,AMD
AMD Radeon RX 470 Mobile,GPU,2016-08-04,14.0,85.0,232.0,232,5700.0,926.0,GlobalFoundries,AMD
AMD Radeon RX 470D,GPU,2016-10-21,14.0,120.0,232.0,232,5700.0,926.0,GlobalFoundries,AMD
AMD Radeon RX 480,GPU,2016-06-29,14.0,150.0,232.0,232,5700.0,1120.0,GlobalFoundries,AMD
AMD Radeon RX 480 Mobile,GPU,2016-08-04,14.0,100.0,232.0,232,5700.0,1000.0,GlobalFoundries,AMD
AMD Radeon RX 580 OEM,GPU,2016-06-29,14.0,150.0,232.0,232,5700.0,1120.0,GlobalFoundries,AMD
NVIDIA GRID M10-8Q,GPU,2016-05-18,28.0,225.0,148.0,148,1870.0,1033.0,TSMC,NVIDIA
NVIDIA GRID M40,GPU,2016-05-18,28.0,50.0,148.0,148,1870.0,1033.0,TSMC,NVIDIA
NVIDIA GeForce 920MX,GPU,2016-03-25,28.0,16.0,77.0,77,1020.0,965.0,TSMC,NVIDIA
NVIDIA GeForce 940MX,GPU,2016-06-28,28.0,23.0,148.0,148,1870.0,795.0,TSMC,NVIDIA
NVIDIA GeForce 945M,GPU,2016-04-08,28.0,23.0,77.0,77,1020.0,1006.0,TSMC,NVIDIA
NVIDIA GeForce GTX 1050,GPU,2016-10-25,14.0,75.0,132.0,132,3300.0,1354.0,Samsung,NVIDIA
NVIDIA GeForce GTX 1050 Ti,GPU,2016-10-25,14.0,75.0,132.0,132,3300.0,1291.0,Samsung,NVIDIA
NVIDIA GeForce GTX 760 OEM,GPU,2016-11-06,28.0,170.0,294.0,294,3540.0,993.0,TSMC,NVIDIA
NVIDIA GeForce GTX 980MX,GPU,2016-06-01,28.0,148.0,398.0,398,5200.0,1050.0,TSMC,NVIDIA
NVIDIA Quadro M2000,GPU,2016-04-08,28.0,75.0,228.0,228,2940.0,796.0,TSMC,NVIDIA
NVIDIA Quadro M3000 SE,GPU,2016-10-02,28.0,75.0,398.0,398,5200.0,823.0,TSMC,NVIDIA
NVIDIA Quadro M500M,GPU,2016-04-27,28.0,30.0,77.0,77,1020.0,1029.0,TSMC,NVIDIA
NVIDIA Quadro M5500 Mobile,GPU,2016-04-08,28.0,150.0,398.0,398,5200.0,1140.0,TSMC,NVIDIA
NVIDIA Quadro M6000 24 GB,GPU,2016-03-05,28.0,250.0,601.0,601,8000.0,988.0,TSMC,NVIDIA
NVIDIA Tesla M10,GPU,2016-05-18,28.0,225.0,148.0,148,1870.0,1033.0,TSMC,NVIDIA
AMD Radeon 520 Mobile DDR3,GPU,2017-04-18,28.0,50.0,56.0,56,690.0,1030.0,TSMC,AMD
AMD Radeon 520 Mobile GDDR5,GPU,2017-04-18,28.0,50.0,56.0,56,690.0,1030.0,TSMC,AMD
AMD Radeon 520 OEM,GPU,2017-04-18,28.0,50.0,56.0,56,690.0,1030.0,TSMC,AMD
AMD Radeon 530 Mobile DDR3,GPU,2017-04-18,28.0,50.0,125.0,125,1550.0,730.0,TSMC,AMD
AMD Radeon 530 Mobile GDDR5,GPU,2017-04-18,28.0,50.0,125.0,125,1550.0,730.0,TSMC,AMD
AMD Radeon 530X Mobile,GPU,2017-04-18,28.0,50.0,125.0,125,1550.0,730.0,TSMC,AMD
AMD Radeon 535 Mobile,GPU,2017-04-18,28.0,50.0,125.0,125,1550.0,730.0,TSMC,AMD
AMD Radeon 550,GPU,2017-04-20,14.0,50.0,103.0,103,2200.0,1100.0,GlobalFoundries,AMD
AMD Radeon E9171 MCM,GPU,2017-10-03,14.0,40.0,103.0,103,2200.0,1124.0,GlobalFoundries,AMD
AMD Radeon E9172 MXM,GPU,2017-10-03,14.0,35.0,103.0,103,2200.0,1124.0,GlobalFoundries,AMD
AMD Radeon E9173 PCIe,GPU,2017-10-03,14.0,35.0,103.0,103,2200.0,1124.0,GlobalFoundries,AMD
AMD Radeon E9174 MXM,GPU,2017-10-03,14.0,50.0,103.0,103,2200.0,1124.0,GlobalFoundries,AMD
AMD Radeon E9175 PCIe,GPU,2017-10-03,14.0,50.0,103.0,103,2200.0,1124.0,GlobalFoundries,AMD
AMD Radeon Instinct MI25,GPU,2017-06-27,14.0,300.0,495.0,495,12500.0,1400.0,GlobalFoundries,AMD
AMD Radeon Pro 555,GPU,2017-06-05,14.0,75.0,123.0,123,3000.0,850.0,GlobalFoundries,AMD
AMD Radeon Pro 560,GPU,2017-04-18,14.0,75.0,123.0,123,3000.0,907.0,GlobalFoundries,AMD
AMD Radeon Pro 570,GPU,2017-06-05,14.0,150.0,232.0,232,5700.0,1000.0,GlobalFoundries,AMD
AMD Radeon Pro 575,GPU,2017-06-05,14.0,150.0,232.0,232,5700.0,1096.0,GlobalFoundries,AMD
AMD Radeon Pro 580,GPU,2017-06-05,14.0,185.0,232.0,232,5700.0,1100.0,GlobalFoundries,AMD
AMD Radeon Pro Duo Polaris,GPU,2017-04-24,14.0,250.0,232.0,232,5700.0,1243.0,GlobalFoundries,AMD
AMD Radeon Pro SSG,GPU,2017-08-08,14.0,260.0,495.0,495,12500.0,1440.0,GlobalFoundries,AMD
AMD Radeon Pro V320,GPU,2017-06-29,14.0,230.0,495.0,495,12500.0,852.0,GlobalFoundries,AMD
AMD Radeon Pro Vega 56,GPU,2017-08-14,14.0,210.0,495.0,495,12500.0,1138.0,GlobalFoundries,AMD
AMD Radeon Pro Vega 64,GPU,2017-06-27,14.0,250.0,495.0,495,12500.0,1250.0,GlobalFoundries,AMD
AMD Radeon Pro WX 2100,GPU,2017-06-04,14.0,35.0,103.0,103,2200.0,925.0,GlobalFoundries,AMD
AMD Radeon Pro WX 3100,GPU,2017-06-12,14.0,65.0,103.0,103,2200.0,925.0,GlobalFoundries,AMD
AMD Radeon Pro WX 4130 Mobile,GPU,2017-03-01,14.0,50.0,123.0,123,3000.0,1002.0,GlobalFoundries,AMD
AMD Radeon Pro WX 4150 Mobile,GPU,2017-03-01,14.0,50.0,123.0,123,3000.0,1002.0,GlobalFoundries,AMD
AMD Radeon Pro WX 4170 Mobile,GPU,2017-03-01,14.0,50.0,123.0,123,3000.0,1002.0,GlobalFoundries,AMD
AMD Radeon Pro WX 7100 Mobile,GPU,2017-03-01,14.0,130.0,232.0,232,5700.0,1188.0,GlobalFoundries,AMD
AMD Radeon Pro WX 7130 Mobile,GPU,2017-03-01,14.0,130.0,232.0,232,5700.0,1188.0,GlobalFoundries,AMD
AMD Radeon Pro WX 8100,GPU,2017-12-03,14.0,230.0,495.0,495,12500.0,1200.0,GlobalFoundries,AMD
AMD Radeon Pro WX 9100,GPU,2017-07-10,14.0,230.0,495.0,495,12500.0,1200.0,GlobalFoundries,AMD
AMD Radeon R5 Graphics,GPU,2017-09-05,28.0,15.0,125.0,125,1200.0,200.0,GlobalFoundries,AMD
AMD Radeon RX 460 1024SP,GPU,2017-01-17,14.0,75.0,123.0,123,3000.0,1090.0,GlobalFoundries,AMD
AMD Radeon RX 540 Mobile,GPU,2017-11-11,14.0,50.0,103.0,103,2200.0,1046.0,GlobalFoundries,AMD
AMD Radeon RX 550,GPU,2017-04-20,14.0,50.0,103.0,103,2200.0,1100.0,GlobalFoundries,AMD
AMD Radeon RX 550 512SP,GPU,2017-10-13,14.0,50.0,123.0,123,3000.0,1019.0,GlobalFoundries,AMD
AMD Radeon RX 550 640SP,GPU,2017-10-13,14.0,60.0,123.0,123,3000.0,1019.0,GlobalFoundries,AMD
AMD Radeon RX 550 Mobile,GPU,2017-07-02,14.0,50.0,103.0,103,2200.0,1100.0,GlobalFoundries,AMD
AMD Radeon RX 560,GPU,2017-04-18,14.0,75.0,123.0,123,3000.0,1175.0,GlobalFoundries,AMD
AMD Radeon RX 560 896SP,GPU,2017-07-04,14.0,45.0,123.0,123,3000.0,1090.0,GlobalFoundries,AMD
AMD Radeon RX 560D,GPU,2017-07-04,14.0,65.0,123.0,123,3000.0,1090.0,GlobalFoundries,AMD
AMD Radeon RX 570,GPU,2017-04-18,14.0,150.0,232.0,232,5700.0,1168.0,GlobalFoundries,AMD
AMD Radeon RX 570 Mobile,GPU,2017-12-10,14.0,85.0,232.0,232,5700.0,926.0,GlobalFoundries,AMD
AMD Radeon RX 580,GPU,2017-04-18,14.0,185.0,232.0,232,5700.0,1257.0,GlobalFoundries,AMD
AMD Radeon RX 580 Mobile,GPU,2017-04-18,14.0,100.0,232.0,232,5700.0,1000.0,GlobalFoundries,AMD
AMD Radeon RX Vega 10 Mobile,GPU,2017-10-26,14.0,10.0,210.0,210,4940.0,300.0,GlobalFoundries,AMD
AMD Radeon RX Vega 56,GPU,2017-08-14,14.0,210.0,495.0,495,12500.0,1156.0,GlobalFoundries,AMD
AMD Radeon RX Vega 64,GPU,2017-08-07,14.0,295.0,495.0,495,12500.0,1247.0,GlobalFoundries,AMD
AMD Radeon RX Vega 64 Limited Edition,GPU,2017-08-07,14.0,295.0,495.0,495,12500.0,1247.0,GlobalFoundries,AMD
AMD Radeon RX Vega 64 Liquid Cooling,GPU,2017-08-07,14.0,345.0,495.0,495,12500.0,1406.0,GlobalFoundries,AMD
AMD Radeon Vega 8 Mobile,GPU,2017-10-26,14.0,25.0,210.0,210,4940.0,300.0,GlobalFoundries,AMD
AMD Radeon Vega Frontier Edition,GPU,2017-06-27,14.0,300.0,495.0,495,12500.0,1382.0,GlobalFoundries,AMD
AMD Radeon Vega Frontier Edition Watercooled,GPU,2017-07-13,14.0,375.0,495.0,495,12500.0,1382.0,GlobalFoundries,AMD
NVIDIA GeForce GT 1030,GPU,2017-05-17,14.0,30.0,74.0,74,1800.0,1228.0,Samsung,NVIDIA
NVIDIA GeForce GT 720 OEM,GPU,2017-10-29,28.0,50.0,118.0,118,1270.0,993.0,TSMC,NVIDIA
NVIDIA GeForce MX110,GPU,2017-11-17,28.0,30.0,77.0,77,1020.0,978.0,TSMC,NVIDIA
NVIDIA GeForce MX130,GPU,2017-11-17,28.0,30.0,77.0,77,1020.0,1109.0,TSMC,NVIDIA
NVIDIA GeForce MX150,GPU,2017-05-17,14.0,10.0,74.0,74,1800.0,937.0,Samsung,NVIDIA
NVIDIA GeForce MX150,GPU,2017-05-17,14.0,25.0,74.0,74,1800.0,1469.0,Samsung,NVIDIA
NVIDIA Quadro M1200 Mobile,GPU,2017-01-11,28.0,45.0,148.0,148,1870.0,991.0,TSMC,NVIDIA
NVIDIA Quadro M520 Mobile,GPU,2017-01-11,28.0,25.0,77.0,77,1020.0,965.0,TSMC,NVIDIA
NVIDIA Quadro M620 Mobile,GPU,2017-01-11,28.0,30.0,148.0,148,1870.0,756.0,TSMC,NVIDIA
NVIDIA Quadro P1000,GPU,2017-02-07,14.0,47.0,132.0,132,3300.0,1266.0,Samsung,NVIDIA
NVIDIA Quadro P1000,GPU,2017-02-07,14.0,47.0,132.0,132,3300.0,1354.0,Samsung,NVIDIA
NVIDIA Quadro P1000 Mobile,GPU,2017-02-07,14.0,40.0,132.0,132,3300.0,1493.0,Samsung,NVIDIA
NVIDIA Quadro P2000 Mobile,GPU,2017-02-06,14.0,50.0,132.0,132,3300.0,1557.0,Samsung,NVIDIA
NVIDIA Quadro P400,GPU,2017-02-07,14.0,30.0,132.0,132,3300.0,1228.0,Samsung,NVIDIA
NVIDIA Quadro P600,GPU,2017-02-07,14.0,40.0,132.0,132,3300.0,1329.0,Samsung,NVIDIA
NVIDIA Quadro P600 Mobile,GPU,2017-02-07,14.0,25.0,132.0,132,3300.0,1430.0,Samsung,NVIDIA
AMD Radeon 540X Mobile,GPU,2018-09-05,14.0,50.0,103.0,103,2200.0,980.0,GlobalFoundries,AMD
AMD Radeon 550X 640SP,GPU,2018-04-11,14.0,50.0,103.0,103,2200.0,1019.0,GlobalFoundries,AMD
AMD Radeon 550X Mobile,GPU,2018-04-11,14.0,50.0,103.0,103,2200.0,1082.0,GlobalFoundries,AMD
AMD Radeon Instinct MI50,GPU,2018-11-18,7.0,300.0,331.0,331,13230.0,1200.0,TSMC,AMD
AMD Radeon Instinct MI60,GPU,2018-11-18,7.0,300.0,331.0,331,13230.0,1200.0,TSMC,AMD
AMD Radeon Pro 555X,GPU,2018-07-16,14.0,75.0,123.0,123,3000.0,907.0,GlobalFoundries,AMD
AMD Radeon Pro 560X,GPU,2018-07-16,14.0,75.0,123.0,123,3000.0,1004.0,GlobalFoundries,AMD
AMD Radeon Pro V340 16 GB,GPU,2018-08-26,14.0,230.0,495.0,495,12500.0,852.0,GlobalFoundries,AMD
AMD Radeon Pro V340 8 GB,GPU,2018-08-26,14.0,230.0,495.0,495,12500.0,852.0,GlobalFoundries,AMD
AMD Radeon Pro WX 8200,GPU,2018-08-13,14.0,230.0,495.0,495,12500.0,1200.0,GlobalFoundries,AMD
AMD Radeon Pro WX Vega M GL,GPU,2018-04-24,14.0,65.0,208.0,208,5000.0,931.0,GlobalFoundries,AMD
AMD Radeon RX 540X Mobile,GPU,2018-04-11,14.0,50.0,103.0,103,2200.0,1124.0,GlobalFoundries,AMD
AMD Radeon RX 550X,GPU,2018-12-16,14.0,50.0,103.0,103,2200.0,1100.0,GlobalFoundries,AMD
AMD Radeon RX 550X 640SP,GPU,2018-04-11,14.0,60.0,123.0,123,3000.0,1019.0,GlobalFoundries,AMD
AMD Radeon RX 550X Mobile,GPU,2018-04-11,14.0,50.0,103.0,103,2200.0,1100.0,GlobalFoundries,AMD
AMD Radeon RX 560DX,GPU,2018-04-11,14.0,65.0,123.0,123,3000.0,1090.0,GlobalFoundries,AMD
AMD Radeon RX 560X,GPU,2018-04-11,14.0,75.0,123.0,123,3000.0,1175.0,GlobalFoundries,AMD
AMD Radeon RX 560X Mobile,GPU,2018-04-11,14.0,65.0,123.0,123,3000.0,1275.0,GlobalFoundries,AMD
AMD Radeon RX 560X Mobile,GPU,2018-04-11,14.0,65.0,123.0,123,3000.0,1275.0,GlobalFoundries,AMD
AMD Radeon RX 560X Mobile,GPU,2018-04-11,14.0,65.0,123.0,123,3000.0,1175.0,GlobalFoundries,AMD
AMD Radeon RX 570X,GPU,2018-04-11,14.0,150.0,232.0,232,5700.0,1168.0,GlobalFoundries,AMD
AMD Radeon RX 580 2048SP,GPU,2018-10-15,14.0,150.0,232.0,232,5700.0,1168.0,GlobalFoundries,AMD
AMD Radeon RX 580G,GPU,2018-10-15,14.0,185.0,232.0,232,5700.0,1257.0,GlobalFoundries,AMD
AMD Radeon RX 580X,GPU,2018-04-11,14.0,185.0,232.0,232,5700.0,1257.0,GlobalFoundries,AMD
AMD Radeon RX 580X Mobile,GPU,2018-04-11,14.0,100.0,232.0,232,5700.0,1266.0,GlobalFoundries,AMD
AMD Radeon RX Vega 11,GPU,2018-05-10,14.0,25.0,210.0,210,4940.0,300.0,GlobalFoundries,AMD
AMD Radeon RX Vega 11,GPU,2018-02-12,14.0,25.0,210.0,210,4940.0,300.0,GlobalFoundries,AMD
AMD Radeon RX Vega 11 Embedded,GPU,2018-04-19,14.0,25.0,210.0,210,4940.0,300.0,GlobalFoundries,AMD
AMD Radeon RX Vega 56 Mobile,GPU,2018-06-01,14.0,120.0,495.0,495,12500.0,1138.0,GlobalFoundries,AMD
AMD Radeon RX Vega M GH,GPU,2018-02-01,14.0,100.0,208.0,208,5000.0,1063.0,GlobalFoundries,AMD
AMD Radeon RX Vega M GL,GPU,2018-02-01,14.0,65.0,208.0,208,5000.0,931.0,GlobalFoundries,AMD
AMD Radeon Vega 11 Embedded,GPU,2018-02-13,14.0,25.0,210.0,210,4940.0,300.0,GlobalFoundries,AMD
AMD Radeon Vega 3 Embedded,GPU,2018-09-06,14.0,15.0,210.0,210,4940.0,300.0,GlobalFoundries,AMD
AMD Radeon Vega 3 Embedded,GPU,2018-02-13,14.0,15.0,210.0,210,4940.0,300.0,GlobalFoundries,AMD
AMD Radeon Vega 3 Embedded,GPU,2018-07-16,14.0,15.0,210.0,210,4940.0,300.0,GlobalFoundries,AMD
AMD Radeon Vega 3 Mobile,GPU,2018-01-08,14.0,15.0,210.0,210,4940.0,300.0,GlobalFoundries,AMD
AMD Radeon Vega 6 Embedded,GPU,2018-05-10,14.0,15.0,210.0,210,4940.0,300.0,GlobalFoundries,AMD
AMD Radeon Vega 6 Mobile,GPU,2018-01-08,14.0,15.0,210.0,210,4940.0,300.0,GlobalFoundries,AMD
AMD Radeon Vega 8,GPU,2018-02-12,14.0,25.0,210.0,210,4940.0,300.0,GlobalFoundries,AMD
AMD Radeon Vega 8 Embedded,GPU,2018-04-19,14.0,25.0,210.0,210,4940.0,300.0,GlobalFoundries,AMD
AMD Radeon Vega 8 Embedded,GPU,2018-02-13,14.0,15.0,210.0,210,4940.0,300.0,GlobalFoundries,AMD
NVIDIA GeForce GT 1030 DDR4,GPU,2018-03-12,14.0,20.0,74.0,74,1800.0,1152.0,Samsung,NVIDIA
NVIDIA GeForce GT 1030 GK107,GPU,2018-09-30,28.0,65.0,118.0,118,1270.0,1058.0,TSMC,NVIDIA
NVIDIA GeForce GTX 1050 3 GB,GPU,2018-05-21,14.0,75.0,132.0,132,3300.0,1392.0,Samsung,NVIDIA
NVIDIA GeForce GTX 1050 Max-Q,GPU,2018-01-03,14.0,75.0,132.0,132,3300.0,1000.0,Samsung,NVIDIA
NVIDIA Quadro P500 Mobile,GPU,2018-01-05,14.0,18.0,74.0,74,1800.0,1455.0,Samsung,NVIDIA
NVIDIA Quadro P620,GPU,2018-02-01,14.0,40.0,132.0,132,3300.0,1266.0,Samsung,NVIDIA
NVIDIA Quadro P620 Mobile,GPU,2018-02-01,14.0,40.0,132.0,132,3300.0,1177.0,Samsung,NVIDIA
NVIDIA V100 SXM,GPU,2017-06-01,14.0,300.0,815.0,815,21100.0,1245.0,TSMC,NVIDIA
NVIDIA P100 SXM,GPU,2016-06-01,14.0,300.0,610.0,610,15300.0,1190.0,TSMC,NVIDIA
AMD Radeon 540 Mobile,GPU,2019-03-26,14.0,50.0,103.0,103,2200.0,1046.0,GlobalFoundries,AMD
AMD Radeon 540X Mobile,GPU,2019-02-11,14.0,50.0,103.0,103,2200.0,980.0,GlobalFoundries,AMD
AMD Radeon 550X,GPU,2019-03-27,14.0,50.0,103.0,103,2200.0,1082.0,GlobalFoundries,AMD
AMD Radeon 610 Mobile,GPU,2019-05-23,28.0,50.0,56.0,56,690.0,1030.0,TSMC,AMD
AMD Radeon 620 Mobile,GPU,2019-05-13,28.0,50.0,125.0,125,1550.0,920.0,TSMC,AMD
AMD Radeon 625 Mobile,GPU,2019-05-13,28.0,50.0,125.0,125,1550.0,730.0,TSMC,AMD
AMD Radeon 625 OEM,GPU,2019-05-13,28.0,35.0,125.0,125,1550.0,1024.0,TSMC,AMD
AMD Radeon 630 Mobile,GPU,2019-05-13,14.0,50.0,103.0,103,2200.0,1082.0,GlobalFoundries,AMD
AMD Radeon E9390 PCIe,GPU,2019-10-15,14.0,75.0,232.0,232,5700.0,713.0,GlobalFoundries,AMD
AMD Radeon E9560 PCIe,GPU,2019-10-15,14.0,130.0,232.0,232,5700.0,1120.0,GlobalFoundries,AMD
AMD Radeon Pro 5300M,GPU,2019-11-13,7.0,85.0,158.0,158,6400.0,1000.0,TSMC,AMD
AMD Radeon Pro 5500M,GPU,2019-11-13,7.0,85.0,158.0,158,6400.0,1000.0,TSMC,AMD
AMD Radeon Pro 570X,GPU,2019-03-18,14.0,150.0,232.0,232,5700.0,1000.0,GlobalFoundries,AMD
AMD Radeon Pro 575X,GPU,2019-03-18,14.0,150.0,232.0,232,5700.0,1096.0,GlobalFoundries,AMD
AMD Radeon Pro 580X,GPU,2019-03-18,14.0,185.0,232.0,232,5700.0,1100.0,GlobalFoundries,AMD
AMD Radeon Pro Vega 64X,GPU,2019-03-19,14.0,250.0,495.0,495,12500.0,1250.0,GlobalFoundries,AMD
AMD Radeon Pro Vega II,GPU,2019-06-03,7.0,475.0,331.0,331,13230.0,1574.0,TSMC,AMD
AMD Radeon Pro Vega II Duo,GPU,2019-06-03,7.0,475.0,331.0,331,13230.0,1400.0,TSMC,AMD
AMD Radeon Pro W5300M,GPU,2019-11-13,7.0,85.0,158.0,158,6400.0,1000.0,TSMC,AMD
AMD Radeon Pro W5500X,GPU,2019-12-11,7.0,125.0,158.0,158,6400.0,1187.0,TSMC,AMD
AMD Radeon Pro W5700,GPU,2019-11-19,7.0,205.0,251.0,251,10300.0,1400.0,TSMC,AMD
AMD Radeon Pro W5700X,GPU,2019-12-11,7.0,205.0,251.0,251,10300.0,1243.0,TSMC,AMD
AMD Radeon Pro WX 3200,GPU,2019-07-02,14.0,65.0,103.0,103,2200.0,1295.0,GlobalFoundries,AMD
AMD Radeon Pro WX 3200 Mobile,GPU,2019-07-02,14.0,65.0,103.0,103,2200.0,1082.0,GlobalFoundries,AMD
AMD Radeon RX 5300 XT OEM,GPU,2019-10-07,7.0,100.0,158.0,158,6400.0,1670.0,TSMC,AMD
AMD Radeon RX 5300M,GPU,2019-11-13,7.0,85.0,158.0,158,6400.0,1000.0,TSMC,AMD
AMD Radeon RX 5500 OEM,GPU,2019-10-07,7.0,110.0,158.0,158,6400.0,1500.0,TSMC,AMD
AMD Radeon RX 5500 XT,GPU,2019-12-12,7.0,130.0,158.0,158,6400.0,1607.0,TSMC,AMD
AMD Radeon RX 5500M,GPU,2019-10-07,7.0,85.0,158.0,158,6400.0,1375.0,TSMC,AMD
AMD Radeon RX 560 XT,GPU,2019-03-13,14.0,150.0,232.0,232,5700.0,1074.0,GlobalFoundries,AMD
AMD Radeon RX 5700,GPU,2019-07-07,7.0,180.0,251.0,251,10300.0,1465.0,TSMC,AMD
AMD Radeon RX 5700 XT,GPU,2019-07-07,7.0,225.0,251.0,251,10300.0,1605.0,TSMC,AMD
AMD Radeon RX 5700 XT 50th Anniversary,GPU,2019-07-07,7.0,225.0,251.0,251,10300.0,1680.0,TSMC,AMD
AMD Radeon RX 640 Mobile,GPU,2019-05-13,14.0,50.0,103.0,103,2200.0,1082.0,GlobalFoundries,AMD
AMD Radeon VII,GPU,2019-02-07,7.0,295.0,331.0,331,13230.0,1400.0,TSMC,AMD
NVIDIA GeForce GTX 1050 Mobile 3 GB,GPU,2019-02-01,14.0,75.0,132.0,132,3300.0,1366.0,Samsung,NVIDIA
NVIDIA GeForce MX150 GP107,GPU,2019-02-23,14.0,25.0,132.0,132,3300.0,1469.0,Samsung,NVIDIA
NVIDIA GeForce MX230,GPU,2019-02-21,14.0,10.0,74.0,74,1800.0,1519.0,Samsung,NVIDIA
NVIDIA GeForce MX250,GPU,2019-02-20,14.0,10.0,74.0,74,1800.0,937.0,Samsung,NVIDIA
NVIDIA GeForce MX250,GPU,2019-02-21,14.0,25.0,74.0,74,1800.0,1519.0,Samsung,NVIDIA
NVIDIA Quadro P520 Max-Q,GPU,2019-05-23,14.0,18.0,74.0,74,1800.0,1303.0,Samsung,NVIDIA
NVIDIA Quadro P520 Mobile,GPU,2019-05-23,14.0,18.0,74.0,74,1800.0,1303.0,Samsung,NVIDIA
AMD Playstation 5 GPU,GPU,2020-11-12,7.0,180.0,308.0,308,10600.0,2233.0,TSMC,AMD
AMD Radeon Graphics 320SP Mobile,GPU,2020-01-06,7.0,15.0,156.0,156,9800.0,400.0,TSMC,AMD
AMD Radeon Graphics 384SP Mobile,GPU,2020-01-06,7.0,15.0,156.0,156,9800.0,400.0,TSMC,AMD
AMD Radeon Graphics 448SP,GPU,2020-01-06,7.0,15.0,156.0,156,9800.0,400.0,TSMC,AMD
AMD Radeon Graphics 448SP Mobile,GPU,2020-01-06,7.0,15.0,156.0,156,9800.0,400.0,TSMC,AMD
AMD Radeon Graphics 512SP,GPU,2020-03-07,7.0,15.0,156.0,156,9800.0,400.0,TSMC,AMD
AMD Radeon Graphics 512SP Mobile,GPU,2020-03-07,7.0,15.0,156.0,156,9800.0,400.0,TSMC,AMD
AMD Radeon Instinct MI100,GPU,2020-11-16,7.0,300.0,750.0,750,25600.0,1000.0,TSMC,AMD
AMD Radeon Pro 5300,GPU,2020-08-04,7.0,85.0,158.0,158,6400.0,1000.0,TSMC,AMD
AMD Radeon Pro 5500 XT,GPU,2020-08-04,7.0,125.0,158.0,158,6400.0,1187.0,TSMC,AMD
AMD Radeon Pro 5700,GPU,2020-08-04,7.0,130.0,251.0,251,10300.0,1243.0,TSMC,AMD
AMD Radeon Pro 5700 XT,GPU,2020-08-04,7.0,130.0,251.0,251,10300.0,1243.0,TSMC,AMD
AMD Radeon Pro VII,GPU,2020-05-13,7.0,250.0,331.0,331,13230.0,1400.0,TSMC,AMD
AMD Radeon Pro W5500,GPU,2020-02-10,7.0,125.0,158.0,158,6400.0,1744.0,TSMC,AMD
AMD Radeon Pro W5500M,GPU,2020-02-10,7.0,85.0,158.0,158,6400.0,1448.0,TSMC,AMD
AMD Radeon RX 5300 OEM,GPU,2020-05-28,7.0,100.0,158.0,158,6400.0,1327.0,TSMC,AMD
AMD Radeon RX 5600 OEM,GPU,2020-01-21,7.0,125.0,251.0,251,10300.0,1130.0,TSMC,AMD
AMD Radeon RX 5600 XT,GPU,2020-01-21,7.0,150.0,251.0,251,10300.0,1130.0,TSMC,AMD
AMD Radeon RX 5600M,GPU,2020-07-07,7.0,150.0,251.0,251,10300.0,1035.0,TSMC,AMD
AMD Radeon RX 5700M,GPU,2020-03-01,7.0,180.0,251.0,251,10300.0,1465.0,TSMC,AMD
AMD Radeon RX 590 GME,GPU,2020-03-09,14.0,175.0,232.0,232,5700.0,1257.0,GlobalFoundries,AMD
AMD Radeon RX 640 OEM,GPU,2020-04-09,14.0,50.0,103.0,103,2200.0,1295.0,GlobalFoundries,AMD
AMD Radeon RX 6800,GPU,2020-10-28,7.0,250.0,520.0,520,26800.0,1700.0,TSMC,AMD
AMD Radeon RX 6800 XT,GPU,2020-10-28,7.0,300.0,520.0,520,26800.0,1825.0,TSMC,AMD
AMD Radeon RX 6900 XT,GPU,2020-10-28,7.0,300.0,520.0,520,26800.0,1825.0,TSMC,AMD
AMD Xbox Series S GPU,GPU,2020-11-10,7.0,100.0,197.0,197,8000.0,1565.0,TSMC,AMD
AMD Xbox Series X GPU,GPU,2020-11-10,7.0,200.0,360.0,360,15300.0,1825.0,TSMC,AMD
NVIDIA A100 PCIe 40 GB,GPU,2020-06-22,7.0,250.0,826.0,826,54200.0,765.0,TSMC,NVIDIA
NVIDIA A100 SXM4 40 GB,GPU,2020-05-14,7.0,400.0,826.0,826,54200.0,1095.0,TSMC,NVIDIA
NVIDIA A100 SXM4 80 GB,GPU,2020-11-16,7.0,400.0,826.0,826,54200.0,1275.0,TSMC,NVIDIA
NVIDIA DRIVE A100 PROD,GPU,2020-05-14,7.0,400.0,826.0,826,54200.0,1065.0,TSMC,NVIDIA
NVIDIA GRID A100A,GPU,2020-05-14,7.0,400.0,826.0,826,54200.0,900.0,TSMC,NVIDIA
NVIDIA GRID A100B,GPU,2020-05-14,7.0,400.0,826.0,826,54200.0,900.0,TSMC,NVIDIA
NVIDIA GeForce MX330,GPU,2020-02-10,14.0,10.0,74.0,74,1800.0,1531.0,Samsung,NVIDIA
NVIDIA GeForce MX350,GPU,2020-02-10,14.0,20.0,132.0,132,3300.0,1354.0,Samsung,NVIDIA
NVIDIA GeForce MX350,GPU,2020-02-10,14.0,20.0,132.0,132,3300.0,747.0,Samsung,NVIDIA
AMD Radeon Graphics 384SP,GPU,2021-04-13,7.0,45.0,180.0,180,9800.0,300.0,TSMC,AMD
AMD Radeon Graphics 384SP Mobile,GPU,2021-04-13,7.0,45.0,180.0,180,9800.0,300.0,TSMC,AMD
AMD Radeon Graphics 448SP,GPU,2021-04-13,7.0,45.0,180.0,180,9800.0,300.0,TSMC,AMD
AMD Radeon Graphics 448SP Mobile,GPU,2021-04-13,7.0,45.0,180.0,180,9800.0,300.0,TSMC,AMD
AMD Radeon PRO V620,GPU,2021-11-04,7.0,300.0,520.0,520,26800.0,1825.0,TSMC,AMD
AMD Radeon PRO W6600,GPU,2021-06-08,7.0,100.0,237.0,237,11060.0,2331.0,TSMC,AMD
AMD Radeon PRO W6800,GPU,2021-06-08,7.0,250.0,520.0,520,26800.0,2075.0,TSMC,AMD
AMD Radeon Pro W6600M,GPU,2021-06-08,7.0,90.0,237.0,237,11060.0,1224.0,TSMC,AMD
AMD Radeon Pro W6600X,GPU,2021-08-03,7.0,120.0,237.0,237,11060.0,2068.0,TSMC,AMD
AMD Radeon Pro W6800X,GPU,2021-08-03,7.0,200.0,520.0,520,26800.0,1800.0,TSMC,AMD
AMD Radeon Pro W6800X Duo,GPU,2021-08-03,7.0,400.0,520.0,520,26800.0,1800.0,TSMC,AMD
AMD Radeon Pro W6900X,GPU,2021-08-03,7.0,300.0,520.0,520,26800.0,1825.0,TSMC,AMD
AMD Radeon RX 6600,GPU,2021-10-13,7.0,132.0,237.0,237,11060.0,1626.0,TSMC,AMD
AMD Radeon RX 6600 XT,GPU,2021-07-30,7.0,160.0,237.0,237,11060.0,1968.0,TSMC,AMD
AMD Radeon RX 6600M,GPU,2021-05-31,7.0,100.0,237.0,237,11060.0,2068.0,TSMC,AMD
AMD Radeon RX 6700,GPU,2021-06-09,7.0,175.0,335.0,335,17200.0,1941.0,TSMC,AMD
AMD Radeon RX 6700 XT,GPU,2021-03-03,7.0,230.0,335.0,335,17200.0,2321.0,TSMC,AMD
AMD Radeon RX 6700M,GPU,2021-05-31,7.0,135.0,335.0,335,17200.0,1489.0,TSMC,AMD
AMD Radeon RX 6800M,GPU,2021-05-31,7.0,145.0,335.0,335,17200.0,2116.0,TSMC,AMD
NVIDIA A100 PCIe 80 GB,GPU,2021-06-28,7.0,300.0,826.0,826,54200.0,1065.0,TSMC,NVIDIA
NVIDIA A100X,GPU,2021-06-28,7.0,300.0,826.0,826,54200.0,795.0,TSMC,NVIDIA
NVIDIA A30 PCIe,GPU,2021-04-12,7.0,165.0,826.0,826,54200.0,930.0,TSMC,NVIDIA
NVIDIA A30X,GPU,2021-04-12,7.0,230.0,826.0,826,54200.0,1035.0,TSMC,NVIDIA
NVIDIA CMP 170HX 10 GB,GPU,2021-09-01,7.0,250.0,826.0,826,54200.0,1140.0,TSMC,NVIDIA
NVIDIA CMP 170HX 8 GB,GPU,2021-09-01,7.0,250.0,826.0,826,54200.0,1140.0,TSMC,NVIDIA
NVIDIA GeForce GT 1010,GPU,2021-01-13,14.0,30.0,74.0,74,1800.0,1228.0,Samsung,NVIDIA
NVIDIA GeForce GT 1010 DDR4,GPU,2021-01-13,14.0,20.0,74.0,74,1800.0,1152.0,Samsung,NVIDIA
NVIDIA PG506-207,GPU,2021-04-12,7.0,165.0,826.0,826,54200.0,930.0,TSMC,NVIDIA
NVIDIA PG506-217,GPU,2021-04-12,7.0,165.0,826.0,826,54200.0,930.0,TSMC,NVIDIA
NVIDIA PG506-232,GPU,2021-04-12,7.0,165.0,826.0,826,54200.0,930.0,TSMC,NVIDIA
NVIDIA PG506-242,GPU,2021-04-12,7.0,165.0,826.0,826,54200.0,930.0,TSMC,NVIDIA
AMD Radeon Graphics 448SP Mobile,GPU,2022-01-06,7.0,45.0,180.0,180,10700.0,300.0,TSMC,AMD
AMD Radeon Graphics 512SP Mobile,GPU,2022-01-06,7.0,45.0,180.0,180,10700.0,300.0,TSMC,AMD
AMD Radeon RX 6600S,GPU,2022-01-04,7.0,80.0,237.0,237,11060.0,1700.0,TSMC,AMD
AMD Radeon RX 6650 XT,GPU,2022-05-10,7.0,176.0,237.0,237,11060.0,2055.0,TSMC,AMD
AMD Radeon RX 6650M,GPU,2022-01-04,7.0,120.0,237.0,237,11060.0,2068.0,TSMC,AMD
AMD Radeon RX 6650M XT,GPU,2022-01-04,7.0,120.0,237.0,237,11060.0,2068.0,TSMC,AMD
AMD Radeon RX 6700S,GPU,2022-01-04,7.0,80.0,237.0,237,11060.0,1700.0,TSMC,AMD
AMD Radeon RX 6750 XT,GPU,2022-03-03,7.0,250.0,335.0,335,17200.0,2150.0,TSMC,AMD
AMD Radeon RX 6800S,GPU,2022-01-04,7.0,100.0,237.0,237,11060.0,1800.0,TSMC,AMD
AMD Radeon RX 6850M XT,GPU,2022-01-04,7.0,165.0,335.0,335,17200.0,2321.0,TSMC,AMD
AMD Radeon RX 6950 XT,GPU,2022-05-10,7.0,335.0,520.0,520,26800.0,1860.0,TSMC,AMD
AMD Steam Deck GPU,GPU,2022-02-25,7.0,15.0,163.0,163,2400.0,1000.0,TSMC,AMD
NVIDIA A800 PCIe 40 GB,GPU,2022-11-08,7.0,250.0,826.0,826,54200.0,765.0,TSMC,NVIDIA
NVIDIA A800 PCIe 80 GB,GPU,2022-11-08,7.0,250.0,826.0,826,54200.0,1065.0,TSMC,NVIDIA
NVIDIA A800 SXM4 80 GB,GPU,2022-08-11,7.0,400.0,826.0,826,54200.0,1155.0,TSMC,NVIDIA
AMD Radeon RX 6750 GRE,GPU,2023-10-17,7.0,250.0,335.0,335,17200.0,2321.0,TSMC,AMD
Intel Data Center GPU Max 1100,GPU,2023-01-10,10.0,300.0,1280.0,1280,100000.0,1000.0,Intel,Intel
Intel Data Center GPU Max 1350,GPU,2023-01-10,10.0,450.0,1280.0,1280,100000.0,750.0,Intel,Intel
Intel Data Center GPU Max 1550,GPU,2023-01-10,10.0,600.0,1280.0,1280,100000.0,900.0,Intel,Intel
Intel Data Center GPU Max Subsystem,GPU,2023-01-10,10.0,2400.0,1280.0,1280,100000.0,900.0,Intel,Intel
GTX TITAN BLACK,GPU,2014-01-01,28.0,230.0,561.0,561,7080.0,889.0,TSMC ,NVIDIA
GTX TITAN X,GPU,2015-01-01,28.0,250.0,601.0,601,8000.0,1000.0,TSMC ,NVIDIA
GTX TITAN Pascal,GPU,2016-01-01,14.0,250.0,471.0,471,12000.0,1417.0,TSMC ,NVIDIA
GTX TITAN Xp,GPU,2017-01-01,14.0,250.0,471.0,471,12000.0,1180.0,TSMC ,NVIDIA
GTX TITAN V,GPU,2018-01-01,14.0,250.0,815.0,815,21100.0,1200.0,TSMC ,NVIDIA
RTX TITAN RTX,GPU,2018-12-01,14.0,280.0,754.0,754,18600.0,1350.0,TSMC ,NVIDIA
RTX 3090Ti,GPU,2020-01-01,10.0,450.0,628.0,628,28300.0,1560.0,Samsung,NVIDIA
